{"entities":{"pages":{"Curtain-Introduction":{"id":"Curtain-Introduction","title":"Introduction","url":"curtain-introduction.html","level":0,"tabIndex":0},"Input-Files":{"id":"Input-Files","title":"Input Files","url":"input-files.html","level":0,"pages":["Total-Proteomics","Total-Proteomics-Searched-Original-Data","PTM-Proteomics-Differential-Analysis","PTM-Proteomics-Searched-Original-Data"],"tabIndex":1},"Total-Proteomics":{"id":"Total-Proteomics","title":"Total Proteomics - Differential Analysis","url":"total-proteomics.html","level":1,"parentId":"Input-Files","tabIndex":0},"Total-Proteomics-Searched-Original-Data":{"id":"Total-Proteomics-Searched-Original-Data","title":"Total Proteomics - Searched (Original) Data","url":"total-proteomics-searched-original-data.html","level":1,"parentId":"Input-Files","tabIndex":1},"PTM-Proteomics-Differential-Analysis":{"id":"PTM-Proteomics-Differential-Analysis","title":"PTM Proteomics - Differential Analysis","url":"ptm-proteomics-differential-analysis.html","level":1,"parentId":"Input-Files","tabIndex":2},"PTM-Proteomics-Searched-Original-Data":{"id":"PTM-Proteomics-Searched-Original-Data","title":"PTM Proteomics - Searched (Original) Data","url":"ptm-proteomics-searched-original-data.html","level":1,"parentId":"Input-Files","tabIndex":3},"Protein-Search-and-Selection":{"id":"Protein-Search-and-Selection","title":"Protein Search and Selection","url":"protein-search-and-selection.html","level":0,"tabIndex":2},"Volcano-Plot":{"id":"Volcano-Plot","title":"Volcano Plot","url":"volcano-plot.html","level":0,"tabIndex":3},"Protein-Card":{"id":"Protein-Card","title":"Protein Card","url":"protein-card.html","level":0,"tabIndex":4},"Bar-Charts-and-Volcano-Plots":{"id":"Bar-Charts-and-Volcano-Plots","title":"Bar Charts and Violin Plots","url":"bar-charts-and-volcano-plots.html","level":0,"tabIndex":5},"Saving-Session":{"id":"Saving-Session","title":"Saving Session","url":"saving-session.html","level":0,"tabIndex":6},"Profile-Plot":{"id":"Profile-Plot","title":"Profile Plot","url":"profile-plot.html","level":0,"tabIndex":7},"Correlation-Matrix-Total-Proteomics":{"id":"Correlation-Matrix-Total-Proteomics","title":"Correlation Matrix (Total Proteomics)","url":"correlation-matrix-total-proteomics.html","level":0,"tabIndex":8},"Color-Palette-Customization":{"id":"Color-Palette-Customization","title":"Color Palette Customization","url":"color-palette-customization.html","level":0,"tabIndex":9}}},"topLevelIds":["Curtain-Introduction","Input-Files","Protein-Search-and-Selection","Volcano-Plot","Protein-Card","Bar-Charts-and-Volcano-Plots","Saving-Session","Profile-Plot","Correlation-Matrix-Total-Proteomics","Color-Palette-Customization"]}