{"entities":{"pages":{"Curtain-Introduction":{"id":"Curtain-Introduction","title":"Introduction","url":"curtain-introduction.html","level":0,"tabIndex":0},"Input-Files":{"id":"Input-Files","title":"Input Files","url":"input-files.html","level":0,"pages":["Total-Proteomics","Total-Proteomics-Searched-Original-Data"],"tabIndex":1},"Total-Proteomics":{"id":"Total-Proteomics","title":"Total Proteomics - Differential Analysis","url":"total-proteomics.html","level":1,"parentId":"Input-Files","tabIndex":0},"Total-Proteomics-Searched-Original-Data":{"id":"Total-Proteomics-Searched-Original-Data","title":"Total Proteomics - Searched (Original) Data","url":"total-proteomics-searched-original-data.html","level":1,"parentId":"Input-Files","tabIndex":1}}},"topLevelIds":["Curtain-Introduction","Input-Files"]}